{"is_source_file": true, "format": "JavaScript (React JSX)", "description": "This file initializes the React application by importing necessary modules, setting up the root DOM node, and rendering the main App component inside StrictMode.", "external_files": ["./index.css", "./App"], "external_methods": ["ReactDOM.createRoot", "ReactDOM.createRoot().render", "document.getElementById"], "published": [], "classes": [], "methods": [{"name": "ReactDOM.createRoot", "description": "Creates a root to enable concurrent mode and rendering of React components."}, {"name": "root.render", "description": "Renders the React component tree into the specified DOM node."}], "calls": ["ReactDOM.createRoot", "root.render", "document.getElementById", "React.StrictMode", "App"], "search-terms": ["React", "ReactDOM", "index.js", "App component", "React StrictMode", "JavaScript", "src/index.js"], "state": 2, "file_id": 1, "knowledge_revision": 25, "git_revision": "85f5a0b361e54459106472de2f0c37099552b888", "ctags": [{"_type": "tag", "name": "root", "path": "/home/kavia/workspace/code-generation/tic-tac-toe-classic-315133-315142/frontend_react/src/index.js", "pattern": "/^const root = ReactDOM.createRoot(document.getElementById('root'));$/", "language": "JavaScript", "kind": "constant"}], "hash": "9fc5841375336fc175b49f8767a11383", "format-version": 4, "code-base-name": "frontend_react", "filename": "frontend_react/src/index.js", "revision_history": [{"25": "85f5a0b361e54459106472de2f0c37099552b888"}]}