{"is_source_file": false, "format": "", "description": "", "external_files": [], "external_methods": [], "published": [], "classes": [], "methods": [], "calls": [], "search-terms": [], "state": 2, "file_id": 9, "knowledge_revision": 15, "git_revision": "85f5a0b361e54459106472de2f0c37099552b888", "hash": "be6538e7523bc2e9da0743133d784136", "format-version": 4, "code-base-name": "frontend_react", "filename": "frontend_react/eslint.config.mjs", "revision_history": [{"15": "85f5a0b361e54459106472de2f0c37099552b888"}]}