{"is_source_file": false, "format": "CSS", "description": "This file contains CSS styles and variables used for theming a React application's UI, including light and dark themes, styling for app components, and responsive design elements.", "external_files": [], "external_methods": [], "published": [], "classes": [], "methods": [], "calls": [], "search-terms": ["CSS variables", "theming", "dark/light mode", "responsive design", "React", "CSS stylesheet"], "state": 2, "file_id": 2, "knowledge_revision": 20, "git_revision": "85f5a0b361e54459106472de2f0c37099552b888", "hash": "22f9e17cc1848b56dbb244518ac2707e", "format-version": 4, "code-base-name": "frontend_react", "filename": "frontend_react/src/App.css", "revision_history": [{"20": "85f5a0b361e54459106472de2f0c37099552b888"}]}